support,promoters,formula,predicted_max_yield,ensemble_std,nn_distance,min_element_support,tier
Ba,Mo+Zn+Fe,Ba(90.0) Mo(3.33) Zn(3.33) Fe(3.33),18.79,0.087,2.435,96,IN_SUPPORT
Ba,Mo+Zn+Eu,Ba(90.0) Mo(3.33) Zn(3.33) Eu(3.33),18.572,0.149,2.548,74,IN_SUPPORT
Ba,Mo+Eu,Ba(93.3) Mo(3.33) Eu(3.33),18.557,0.159,0.141,74,IN_SUPPORT
Ba,Mo+La+Eu,Ba(90.0) Mo(3.33) La(3.33) Eu(3.33),18.53,0.174,0.157,74,IN_SUPPORT
Ba,Mo+Y+La,Ba(90.0) Mo(3.33) Y(3.33) La(3.33),18.456,0.172,2.44,84,IN_SUPPORT
Ba,Mo+Eu+Sr,Ba(90.0) Mo(3.33) Eu(3.33) Sr(3.33),18.384,0.193,3.058,67,IN_SUPPORT
Ba,Mo+Na+Eu,Ba(90.0) Mo(3.33) Na(3.33) Eu(3.33),18.376,0.21,2.913,74,IN_SUPPORT
Ba,Mo+Fe+Y,Ba(90.0) Mo(3.33) Fe(3.33) Y(3.33),18.363,0.142,3.338,84,IN_SUPPORT
Ba,Mo+Li+Eu,Ba(90.0) Mo(3.33) Li(3.33) Eu(3.33),18.35,0.155,2.493,74,IN_SUPPORT
Ba,W+Fe+Ti,Ba(90.0) W(3.33) Fe(3.33) Ti(3.33),18.337,0.21,2.292,96,IN_SUPPORT
Ba,Mo+Zn+La,Ba(90.0) Mo(3.33) Zn(3.33) La(3.33),18.336,0.164,0.153,111,IN_SUPPORT
Ba,Mo+La+Sr,Ba(90.0) Mo(3.33) La(3.33) Sr(3.33),18.332,0.159,0.138,67,IN_SUPPORT
Ba,Mo+Fe,Ba(93.3) Mo(3.33) Fe(3.33),18.324,0.118,0.138,96,IN_SUPPORT
Ba,Zn+Fe+Eu,Ba(90.0) Zn(3.33) Fe(3.33) Eu(3.33),18.272,0.19,3.059,74,IN_SUPPORT
Ba,Mo+La+Zr,Ba(90.0) Mo(3.33) La(3.33) Zr(3.33),18.262,0.139,0.285,121,IN_SUPPORT
Ba,Mo+Y+Eu,Ba(90.0) Mo(3.33) Y(3.33) Eu(3.33),18.258,0.172,3.338,74,IN_SUPPORT
Ba,Mo+Fe+Sr,Ba(90.0) Mo(3.33) Fe(3.33) Sr(3.33),18.236,0.17,3.033,67,IN_SUPPORT
Ba,Cs+Mo+Eu,Ba(90.0) Cs(3.33) Mo(3.33) Eu(3.33),18.218,0.143,2.09,74,IN_SUPPORT
Ba,W+Mo+Ti,Ba(90.0) W(3.33) Mo(3.33) Ti(3.33),18.174,0.112,2.09,121,IN_SUPPORT
Ba,Mo+Nd+La,Ba(90.0) Mo(3.33) Nd(3.33) La(3.33),18.147,0.168,2.438,83,IN_SUPPORT
Ba,W+Mo+Fe,Ba(90.0) W(3.33) Mo(3.33) Fe(3.33),18.124,0.171,2.288,96,IN_SUPPORT
Ba,Mo+Tb+Eu,Ba(90.0) Mo(3.33) Tb(3.33) Eu(3.33),18.111,0.144,3.059,74,IN_SUPPORT
Ba,W+Eu+Ti,Ba(90.0) W(3.33) Eu(3.33) Ti(3.33),18.108,0.119,0.187,74,IN_SUPPORT
Ba,Mo+Nd+Eu,Ba(90.0) Mo(3.33) Nd(3.33) Eu(3.33),18.087,0.131,3.114,74,IN_SUPPORT
Ba,Mo+K+Eu,Ba(90.0) Mo(3.33) K(3.33) Eu(3.33),18.083,0.137,2.969,74,IN_SUPPORT
Ba,W+Zn+Ti,Ba(90.0) W(3.33) Zn(3.33) Ti(3.33),18.081,0.112,2.553,111,IN_SUPPORT
Ba,Mo+Fe+Nd,Ba(90.0) Mo(3.33) Fe(3.33) Nd(3.33),18.073,0.184,2.435,83,IN_SUPPORT
Ba,Mo+Zn,Ba(93.3) Mo(3.33) Zn(3.33),18.053,0.148,0.122,111,IN_SUPPORT
Ba,Mo+Fe+Tb,Ba(90.0) Mo(3.33) Fe(3.33) Tb(3.33),18.043,0.159,3.033,75,IN_SUPPORT
Ba,Mo+Zn+Y,Ba(90.0) Mo(3.33) Zn(3.33) Y(3.33),18.042,0.14,3.338,84,IN_SUPPORT
Ba,W+Fe+Eu,Ba(90.0) W(3.33) Fe(3.33) Eu(3.33),18.04,0.269,3.035,74,IN_SUPPORT
Ba,Mo+Mg+Eu,Ba(90.0) Mo(3.33) Mg(3.33) Eu(3.33),18.04,0.17,0.18,74,IN_SUPPORT
Ba,W+Mo+Eu,Ba(90.0) W(3.33) Mo(3.33) Eu(3.33),18.005,0.141,2.288,74,IN_SUPPORT
Ba,Mo+La+Tb,Ba(90.0) Mo(3.33) La(3.33) Tb(3.33),17.988,0.17,0.153,75,IN_SUPPORT
Ba,W+La+Ti,Ba(90.0) W(3.33) La(3.33) Ti(3.33),17.985,0.189,0.223,135,IN_SUPPORT
Ba,Mo+Fe+Na,Ba(90.0) Mo(3.33) Fe(3.33) Na(3.33),17.982,0.125,2.438,80,IN_SUPPORT
Ba,W+Zn+Fe,Ba(90.0) W(3.33) Zn(3.33) Fe(3.33),17.954,0.174,2.289,96,IN_SUPPORT
Ba,Mo+Fe+Zr,Ba(90.0) Mo(3.33) Fe(3.33) Zr(3.33),17.948,0.131,0.157,96,IN_SUPPORT
Ba,Mo+Zn+Sr,Ba(90.0) Mo(3.33) Zn(3.33) Sr(3.33),17.948,0.149,2.547,67,IN_SUPPORT
Ba,Mo+Li+Fe,Ba(90.0) Mo(3.33) Li(3.33) Fe(3.33),17.938,0.102,2.493,96,IN_SUPPORT
Ba,Mo+Zn+Na,Ba(90.0) Mo(3.33) Zn(3.33) Na(3.33),17.935,0.183,2.436,80,IN_SUPPORT
Ba,Mo+Fe+Ti,Ba(90.0) Mo(3.33) Fe(3.33) Ti(3.33),17.912,0.145,0.153,96,IN_SUPPORT
Ba,Mo+Na+La,Ba(90.0) Mo(3.33) Na(3.33) La(3.33),17.91,0.16,2.09,80,IN_SUPPORT
Ba,Mo+La,Ba(93.3) Mo(3.33) La(3.33),17.9,0.214,0.219,121,IN_SUPPORT
Ba,Mo+Fe+Mg,Ba(90.0) Mo(3.33) Fe(3.33) Mg(3.33),17.889,0.129,0.177,96,IN_SUPPORT
Ba,Cs+Mo+Sr,Ba(90.0) Cs(3.33) Mo(3.33) Sr(3.33),17.857,0.08,2.089,67,IN_SUPPORT
Ba,Cs+Mo+Zn,Ba(90.0) Cs(3.33) Mo(3.33) Zn(3.33),17.84,0.104,2.09,111,IN_SUPPORT
Ba,W+Cs+Fe,Ba(90.0) W(3.33) Cs(3.33) Fe(3.33),17.826,0.161,3.033,96,IN_SUPPORT
Ba,W+Zr+Ti,Ba(90.0) W(3.33) Zr(3.33) Ti(3.33),17.826,0.109,0.225,135,IN_SUPPORT
Ba,Fe+Eu+Sr,Ba(90.0) Fe(3.33) Eu(3.33) Sr(3.33),17.819,0.221,4.191,67,IN_SUPPORT
Ba,Mo+Y,Ba(93.3) Mo(3.33) Y(3.33),17.809,0.141,2.439,84,IN_SUPPORT
Ba,Fe+La+Eu,Ba(90.0) Fe(3.33) La(3.33) Eu(3.33),17.809,0.194,2.435,74,IN_SUPPORT
Ba,W+Fe+Zr,Ba(90.0) W(3.33) Fe(3.33) Zr(3.33),17.802,0.155,2.293,96,IN_SUPPORT
Ba,Mo+Y+Sr,Ba(90.0) Mo(3.33) Y(3.33) Sr(3.33),17.8,0.157,3.337,67,IN_SUPPORT
Ba,Zn+Fe+La,Ba(90.0) Zn(3.33) Fe(3.33) La(3.33),17.794,0.175,0.158,96,IN_SUPPORT
Ba,Mo+Zn+Nd,Ba(90.0) Mo(3.33) Zn(3.33) Nd(3.33),17.793,0.15,3.114,83,IN_SUPPORT
Ba,Mo+Mg+La,Ba(90.0) Mo(3.33) Mg(3.33) La(3.33),17.792,0.19,0.297,121,IN_SUPPORT
Ba,Mo+Fe+K,Ba(90.0) Mo(3.33) Fe(3.33) K(3.33),17.79,0.111,2.969,95,IN_SUPPORT
Ba,Fe+Eu,Ba(93.3) Fe(3.33) Eu(3.33),17.784,0.066,2.434,74,IN_SUPPORT
Ba,Cs+Mo+Y,Ba(90.0) Cs(3.33) Mo(3.33) Y(3.33),17.784,0.105,2.434,84,IN_SUPPORT
Ba,Mo+Eu+Ti,Ba(90.0) Mo(3.33) Eu(3.33) Ti(3.33),17.773,0.144,0.156,74,IN_SUPPORT
Ba,W+La+Zr,Ba(90.0) W(3.33) La(3.33) Zr(3.33),17.772,0.168,0.226,135,IN_SUPPORT
Ba,Mo+Zn+Mg,Ba(90.0) Mo(3.33) Zn(3.33) Mg(3.33),17.768,0.134,0.177,111,IN_SUPPORT
Ba,W+Zn+Eu,Ba(90.0) W(3.33) Zn(3.33) Eu(3.33),17.756,0.093,2.55,74,IN_SUPPORT
Ba,Mo+Li+Zn,Ba(90.0) Mo(3.33) Li(3.33) Zn(3.33),17.754,0.084,2.493,111,IN_SUPPORT
Ba,W+Mo+Zn,Ba(90.0) W(3.33) Mo(3.33) Zn(3.33),17.751,0.111,2.288,111,IN_SUPPORT
Ba,Cs+Fe+Eu,Ba(90.0) Cs(3.33) Fe(3.33) Eu(3.33),17.751,0.149,3.035,74,IN_SUPPORT
Ba,Mo+Zn+K,Ba(90.0) Mo(3.33) Zn(3.33) K(3.33),17.725,0.076,2.437,95,IN_SUPPORT
Ba,W+Y+Ti,Ba(90.0) W(3.33) Y(3.33) Ti(3.33),17.712,0.134,2.294,84,IN_SUPPORT
Ba,W+Mo+La,Ba(90.0) W(3.33) Mo(3.33) La(3.33),17.683,0.195,2.09,121,IN_SUPPORT
Ba,Cs+Mo+K,Ba(90.0) Cs(3.33) Mo(3.33) K(3.33),17.681,0.068,2.09,95,IN_SUPPORT
Ba,W+Sr+Ti,Ba(90.0) W(3.33) Sr(3.33) Ti(3.33),17.675,0.133,2.294,67,IN_SUPPORT
Ba,Mo+La+Ti,Ba(90.0) Mo(3.33) La(3.33) Ti(3.33),17.671,0.117,0.283,121,IN_SUPPORT
Ba,Fe+La+Zr,Ba(90.0) Fe(3.33) La(3.33) Zr(3.33),17.669,0.179,0.141,96,IN_SUPPORT
Ba,Zn+Fe+Y,Ba(90.0) Zn(3.33) Fe(3.33) Y(3.33),17.665,0.122,3.338,84,IN_SUPPORT
Ba,W+Na+Ti,Ba(90.0) W(3.33) Na(3.33) Ti(3.33),17.658,0.157,2.289,80,IN_SUPPORT
Ba,Zn+Fe+Sr,Ba(90.0) Zn(3.33) Fe(3.33) Sr(3.33),17.655,0.176,3.415,67,IN_SUPPORT
Ba,W+Mo+Zr,Ba(90.0) W(3.33) Mo(3.33) Zr(3.33),17.655,0.143,2.09,121,IN_SUPPORT
Ba,Mo+Zn+Tb,Ba(90.0) Mo(3.33) Zn(3.33) Tb(3.33),17.653,0.168,2.548,75,IN_SUPPORT
Ba,Mo+Na,Ba(93.3) Mo(3.33) Na(3.33),17.645,0.065,2.089,80,IN_SUPPORT
Ba,Fe+Y+Eu,Ba(90.0) Fe(3.33) Y(3.33) Eu(3.33),17.644,0.182,3.924,74,IN_SUPPORT
Ba,Cs+Zn+Fe,Ba(90.0) Cs(3.33) Zn(3.33) Fe(3.33),17.643,0.11,2.09,96,IN_SUPPORT
Ba,Mo+Y+Na,Ba(90.0) Mo(3.33) Y(3.33) Na(3.33),17.638,0.187,3.338,80,IN_SUPPORT
Ba,W+Nd+Ti,Ba(90.0) W(3.33) Nd(3.33) Ti(3.33),17.625,0.063,2.297,83,IN_SUPPORT
Ba,Mo+Nd,Ba(93.3) Mo(3.33) Nd(3.33),17.619,0.15,2.439,83,IN_SUPPORT
Ba,Mo+Zn+Zr,Ba(90.0) Mo(3.33) Zn(3.33) Zr(3.33),17.617,0.126,0.156,111,IN_SUPPORT
Ba,Mo+Ce+La,Ba(90.0) Mo(3.33) Ce(3.33) La(3.33),17.612,0.21,0.311,121,IN_SUPPORT
Ba,Fe+Y+La,Ba(90.0) Fe(3.33) Y(3.33) La(3.33),17.599,0.151,3.038,84,IN_SUPPORT
Ba,Mo+Li+Y,Ba(90.0) Mo(3.33) Li(3.33) Y(3.33),17.594,0.11,3.337,84,IN_SUPPORT
Ba,W+Mo+Na,Ba(90.0) W(3.33) Mo(3.33) Na(3.33),17.594,0.16,3.095,80,IN_SUPPORT
Ba,W+Mo+Y,Ba(90.0) W(3.33) Mo(3.33) Y(3.33),17.578,0.171,3.341,84,IN_SUPPORT
Ba,Fe+Tb+Eu,Ba(90.0) Fe(3.33) Tb(3.33) Eu(3.33),17.576,0.182,4.036,74,IN_SUPPORT
Ba,Mo+Eu+Ca,Ba(90.0) Mo(3.33) Eu(3.33) Ca(3.33),17.573,0.183,0.161,74,IN_SUPPORT
Ba,Fe+La+Sr,Ba(90.0) Fe(3.33) La(3.33) Sr(3.33),17.568,0.188,3.033,67,IN_SUPPORT
Ba,Mo+Mg+Sr,Ba(90.0) Mo(3.33) Mg(3.33) Sr(3.33),17.565,0.164,0.164,67,IN_SUPPORT
Ba,W+Na+Eu,Ba(90.0) W(3.33) Na(3.33) Eu(3.33),17.541,0.168,2.915,74,IN_SUPPORT
Ba,Cs+Mo,Ba(93.3) Cs(3.33) Mo(3.33),17.54,0.143,0.137,121,IN_SUPPORT
Ba,Mo+Li+Sr,Ba(90.0) Mo(3.33) Li(3.33) Sr(3.33),17.534,0.109,2.492,67,IN_SUPPORT
Ba,Cs+Mo+La,Ba(90.0) Cs(3.33) Mo(3.33) La(3.33),17.53,0.217,0.153,121,IN_SUPPORT
Ba,Zn+Fe+Zr,Ba(90.0) Zn(3.33) Fe(3.33) Zr(3.33),17.529,0.133,0.161,96,IN_SUPPORT
Ba,Mo+Nd+Sr,Ba(90.0) Mo(3.33) Nd(3.33) Sr(3.33),17.526,0.105,3.113,67,IN_SUPPORT
Ba,W+Ti,Ba(93.3) W(3.33) Ti(3.33),17.524,0.114,0.178,135,IN_SUPPORT
Ba,Cs+Fe+Ti,Ba(90.0) Cs(3.33) Fe(3.33) Ti(3.33),17.519,0.105,2.09,96,IN_SUPPORT
Ba,Fe+Nd+Eu,Ba(90.0) Fe(3.33) Nd(3.33) Eu(3.33),17.51,0.132,3.059,74,IN_SUPPORT
Ba,Mo+K+Na,Ba(90.0) Mo(3.33) K(3.33) Na(3.33),17.506,0.113,2.438,80,IN_SUPPORT
Ba,W+Fe+Y,Ba(90.0) W(3.33) Fe(3.33) Y(3.33),17.501,0.188,3.8,84,IN_SUPPORT
Ba,Zn+Eu+Sr,Ba(90.0) Zn(3.33) Eu(3.33) Sr(3.33),17.5,0.135,3.981,67,IN_SUPPORT
Ba,Zn+Fe,Ba(93.3) Zn(3.33) Fe(3.33),17.497,0.096,0.137,96,IN_SUPPORT
Ba,Zn+Eu,Ba(93.3) Zn(3.33) Eu(3.33),17.484,0.124,2.554,74,IN_SUPPORT
Ba,Mo+Y+Mg,Ba(90.0) Mo(3.33) Y(3.33) Mg(3.33),17.482,0.141,2.435,84,IN_SUPPORT
Ba,W+Mo,Ba(93.3) W(3.33) Mo(3.33),17.478,0.126,2.089,121,IN_SUPPORT
Ba,Fe+Na+Eu,Ba(90.0) Fe(3.33) Na(3.33) Eu(3.33),17.474,0.178,3.061,74,IN_SUPPORT
Ba,Zn+Fe+Nd,Ba(90.0) Zn(3.33) Fe(3.33) Nd(3.33),17.472,0.106,2.548,83,IN_SUPPORT
Ba,W+Zn+Zr,Ba(90.0) W(3.33) Zn(3.33) Zr(3.33),17.471,0.092,2.554,111,IN_SUPPORT
Ba,Zn+La+Eu,Ba(90.0) Zn(3.33) La(3.33) Eu(3.33),17.47,0.175,2.554,74,IN_SUPPORT
Ba,W+Eu+Zr,Ba(90.0) W(3.33) Eu(3.33) Zr(3.33),17.469,0.07,0.19,74,IN_SUPPORT
Ba,W+Fe+La,Ba(90.0) W(3.33) Fe(3.33) La(3.33),17.469,0.221,2.287,96,IN_SUPPORT
Ba,Y+La+Zr,Ba(90.0) Y(3.33) La(3.33) Zr(3.33),17.466,0.131,0.158,84,IN_SUPPORT
Ba,Zn+La+Zr,Ba(90.0) Zn(3.33) La(3.33) Zr(3.33),17.461,0.139,2.44,111,IN_SUPPORT
Ba,W+K+Eu,Ba(90.0) W(3.33) K(3.33) Eu(3.33),17.46,0.121,2.971,74,IN_SUPPORT
Ba,La+Eu+Sr,Ba(90.0) La(3.33) Eu(3.33) Sr(3.33),17.442,0.158,3.059,67,IN_SUPPORT
Ba,W+La+Eu,Ba(90.0) W(3.33) La(3.33) Eu(3.33),17.436,0.163,0.188,74,IN_SUPPORT
Ba,Mo+Ti,Ba(93.3) Mo(3.33) Ti(3.33),17.432,0.15,0.219,121,IN_SUPPORT
Ba,Mo+Nd+Mg,Ba(90.0) Mo(3.33) Nd(3.33) Mg(3.33),17.43,0.167,2.436,83,IN_SUPPORT
Ba,Mo+La+Ca,Ba(90.0) Mo(3.33) La(3.33) Ca(3.33),17.426,0.203,0.286,121,IN_SUPPORT
Ba,Mo+Y+Tb,Ba(90.0) Mo(3.33) Y(3.33) Tb(3.33),17.42,0.169,3.338,75,IN_SUPPORT
Ba,Mo+Fe+Ca,Ba(90.0) Mo(3.33) Fe(3.33) Ca(3.33),17.417,0.135,0.158,96,IN_SUPPORT
Ba,Mo+Tb+Sr,Ba(90.0) Mo(3.33) Tb(3.33) Sr(3.33),17.41,0.157,3.222,67,IN_SUPPORT
Ba,Zn+Fe+Ti,Ba(90.0) Zn(3.33) Fe(3.33) Ti(3.33),17.41,0.165,0.157,96,IN_SUPPORT
Ba,Fe+Eu+Zr,Ba(90.0) Fe(3.33) Eu(3.33) Zr(3.33),17.404,0.163,2.435,74,IN_SUPPORT
Ba,Zn+Y+La,Ba(90.0) Zn(3.33) Y(3.33) La(3.33),17.4,0.119,2.553,84,IN_SUPPORT
Ba,Zn+Fe+Tb,Ba(90.0) Zn(3.33) Fe(3.33) Tb(3.33),17.398,0.108,3.223,75,IN_SUPPORT
Ba,Li+Fe+Eu,Ba(90.0) Li(3.33) Fe(3.33) Eu(3.33),17.396,0.246,3.481,74,IN_SUPPORT
Ba,W+Y+La,Ba(90.0) W(3.33) Y(3.33) La(3.33),17.393,0.15,2.294,84,IN_SUPPORT
Ba,Cs+Mo+Nd,Ba(90.0) Cs(3.33) Mo(3.33) Nd(3.33),17.389,0.113,3.114,83,IN_SUPPORT
Ba,Cs+Mo+Tb,Ba(90.0) Cs(3.33) Mo(3.33) Tb(3.33),17.382,0.132,2.09,75,IN_SUPPORT
Ba,W+Eu+Sr,Ba(90.0) W(3.33) Eu(3.33) Sr(3.33),17.375,0.155,3.416,67,IN_SUPPORT
Ba,Mo+K,Ba(93.3) Mo(3.33) K(3.33),17.374,0.124,0.138,95,IN_SUPPORT
Ba,Y+La+Sr,Ba(90.0) Y(3.33) La(3.33) Sr(3.33),17.373,0.108,3.338,67,IN_SUPPORT
Ba,Cs+Fe+Sr,Ba(90.0) Cs(3.33) Fe(3.33) Sr(3.33),17.372,0.137,3.684,67,IN_SUPPORT
Ba,Mo+Li+Mg,Ba(90.0) Mo(3.33) Li(3.33) Mg(3.33),17.37,0.092,0.164,113,IN_SUPPORT
Ba,W+Cs+Zn,Ba(90.0) W(3.33) Cs(3.33) Zn(3.33),17.369,0.136,2.548,111,IN_SUPPORT
Ba,Mo+Y+Zr,Ba(90.0) Mo(3.33) Y(3.33) Zr(3.33),17.367,0.094,2.435,84,IN_SUPPORT
Ba,Zn+La+Sr,Ba(90.0) Zn(3.33) La(3.33) Sr(3.33),17.36,0.155,2.548,67,IN_SUPPORT
Ba,Mo+Sr+Zr,Ba(90.0) Mo(3.33) Sr(3.33) Zr(3.33),17.357,0.111,0.141,67,IN_SUPPORT
Ba,W+Mo+Nd,Ba(90.0) W(3.33) Mo(3.33) Nd(3.33),17.354,0.115,3.343,83,IN_SUPPORT
Ba,Fe+Eu+Ti,Ba(90.0) Fe(3.33) Eu(3.33) Ti(3.33),17.35,0.217,2.435,74,IN_SUPPORT
Ba,W+Li+Eu,Ba(90.0) W(3.33) Li(3.33) Eu(3.33),17.347,0.151,2.496,74,IN_SUPPORT
Ba,W+Y+Eu,Ba(90.0) W(3.33) Y(3.33) Eu(3.33),17.343,0.126,3.34,74,IN_SUPPORT
Ba,W+Fe+Nd,Ba(90.0) W(3.33) Fe(3.33) Nd(3.33),17.34,0.183,2.288,83,IN_SUPPORT
Ba,Mo+Hf+Eu,Ba(90.0) Mo(3.33) Hf(3.33) Eu(3.33),17.328,0.161,2.792,74,IN_SUPPORT
Ba,Mo+Tb,Ba(93.3) Mo(3.33) Tb(3.33),17.324,0.186,0.137,75,IN_SUPPORT
Ba,Mo+Y+Nd,Ba(90.0) Mo(3.33) Y(3.33) Nd(3.33),17.324,0.167,2.438,83,IN_SUPPORT
Ba,Mo+La+V,Ba(90.0) Mo(3.33) La(3.33) V(3.33),17.322,0.202,0.2,73,IN_SUPPORT
Ba,Zn+Na+Eu,Ba(90.0) Zn(3.33) Na(3.33) Eu(3.33),17.319,0.222,3.06,74,IN_SUPPORT
Ba,Mo+Sr+Ti,Ba(90.0) Mo(3.33) Sr(3.33) Ti(3.33),17.308,0.101,0.137,67,IN_SUPPORT
Ba,Mo+K+Nd,Ba(90.0) Mo(3.33) K(3.33) Nd(3.33),17.307,0.072,3.114,83,IN_SUPPORT
Ba,Y+La+Eu,Ba(90.0) Y(3.33) La(3.33) Eu(3.33),17.307,0.125,2.493,74,IN_SUPPORT
Ba,Mo+Mg+Zr,Ba(90.0) Mo(3.33) Mg(3.33) Zr(3.33),17.305,0.114,0.299,121,IN_SUPPORT
Ba,W+Tb+Eu,Ba(90.0) W(3.33) Tb(3.33) Eu(3.33),17.301,0.113,3.059,74,IN_SUPPORT
Ba,Cs+Mo+Mg,Ba(90.0) Cs(3.33) Mo(3.33) Mg(3.33),17.299,0.08,0.177,121,IN_SUPPORT
Ba,W+Fe+Tb,Ba(90.0) W(3.33) Fe(3.33) Tb(3.33),17.299,0.216,3.033,75,IN_SUPPORT
Ba,Li+Eu,Ba(93.3) Li(3.33) Eu(3.33),17.298,0.087,2.499,74,IN_SUPPORT
Ba,W+Ce+Ti,Ba(90.0) W(3.33) Ce(3.33) Ti(3.33),17.294,0.078,0.257,135,IN_SUPPORT
Ba,W+Zn+Y,Ba(90.0) W(3.33) Zn(3.33) Y(3.33),17.292,0.11,3.425,84,IN_SUPPORT
Ba,W+Zn+La,Ba(90.0) W(3.33) Zn(3.33) La(3.33),17.286,0.182,2.553,111,IN_SUPPORT
Ba,W+Fe+Sr,Ba(90.0) W(3.33) Fe(3.33) Sr(3.33),17.285,0.247,3.716,67,IN_SUPPORT
Ba,Zn+Y+Eu,Ba(90.0) Zn(3.33) Y(3.33) Eu(3.33),17.276,0.14,3.562,74,IN_SUPPORT
Ba,Mo+Zr,Ba(93.3) Mo(3.33) Zr(3.33),17.276,0.178,0.222,121,IN_SUPPORT
Ba,Mo+Li+Ti,Ba(90.0) Mo(3.33) Li(3.33) Ti(3.33),17.27,0.128,0.137,113,IN_SUPPORT
Ba,Li+La+Eu,Ba(90.0) Li(3.33) La(3.33) Eu(3.33),17.267,0.18,2.5,74,IN_SUPPORT
Ba,Mo+Li+Na,Ba(90.0) Mo(3.33) Li(3.33) Na(3.33),17.267,0.153,2.912,80,IN_SUPPORT
Ba,Fe+Mg+Eu,Ba(90.0) Fe(3.33) Mg(3.33) Eu(3.33),17.265,0.186,2.436,74,IN_SUPPORT
Ba,Mo+Mg,Ba(93.3) Mo(3.33) Mg(3.33),17.265,0.133,0.237,121,IN_SUPPORT
Ba,W+Cs+Y,Ba(90.0) W(3.33) Cs(3.33) Y(3.33),17.264,0.118,2.287,84,IN_SUPPORT
Ba,W+Ti+Ca,Ba(90.0) W(3.33) Ti(3.33) Ca(3.33),17.262,0.114,0.155,135,IN_SUPPORT
Ba,W+Nd+Eu,Ba(90.0) W(3.33) Nd(3.33) Eu(3.33),17.259,0.086,3.116,74,IN_SUPPORT
Ba,W+Y+Zr,Ba(90.0) W(3.33) Y(3.33) Zr(3.33),17.256,0.134,2.289,84,IN_SUPPORT
Ba,Mo+Y+Ti,Ba(90.0) Mo(3.33) Y(3.33) Ti(3.33),17.244,0.134,2.44,84,IN_SUPPORT
Ba,W+Mo+Tb,Ba(90.0) W(3.33) Mo(3.33) Tb(3.33),17.243,0.12,2.288,75,IN_SUPPORT
Ba,Cs+Fe+Y,Ba(90.0) Cs(3.33) Fe(3.33) Y(3.33),17.24,0.11,3.033,84,IN_SUPPORT
Ba,Mo+K+Sr,Ba(90.0) Mo(3.33) K(3.33) Sr(3.33),17.237,0.077,2.968,67,IN_SUPPORT
Ba,Mo+Na+Zr,Ba(90.0) Mo(3.33) Na(3.33) Zr(3.33),17.235,0.172,2.09,80,IN_SUPPORT
Ba,W+Mg+Ti,Ba(90.0) W(3.33) Mg(3.33) Ti(3.33),17.234,0.143,0.24,135,IN_SUPPORT
Ba,Mo+Ce+Eu,Ba(90.0) Mo(3.33) Ce(3.33) Eu(3.33),17.233,0.118,0.202,74,IN_SUPPORT
Ba,Mo+Li+K,Ba(90.0) Mo(3.33) Li(3.33) K(3.33),17.229,0.083,2.493,95,IN_SUPPORT
Ba,Mo+Fe+V,Ba(90.0) Mo(3.33) Fe(3.33) V(3.33),17.228,0.125,2.439,73,IN_SUPPORT
Ba,Fe+La+Tb,Ba(90.0) Fe(3.33) La(3.33) Tb(3.33),17.223,0.147,3.222,75,IN_SUPPORT
Ba,W+Cs+K,Ba(90.0) W(3.33) Cs(3.33) K(3.33),17.221,0.113,2.09,95,IN_SUPPORT
Ba,W+Fe+Na,Ba(90.0) W(3.33) Fe(3.33) Na(3.33),17.217,0.171,2.292,80,IN_SUPPORT
Ba,La+Eu+Zr,Ba(90.0) La(3.33) Eu(3.33) Zr(3.33),17.214,0.153,0.177,74,IN_SUPPORT
Ba,Mo+K+Zr,Ba(90.0) Mo(3.33) K(3.33) Zr(3.33),17.203,0.072,0.157,95,IN_SUPPORT
Ba,W+Zn+Na,Ba(90.0) W(3.33) Zn(3.33) Na(3.33),17.203,0.129,2.29,80,IN_SUPPORT
Ba,Cs+Eu+Sr,Ba(90.0) Cs(3.33) Eu(3.33) Sr(3.33),17.202,0.152,3.416,67,IN_SUPPORT
Ba,Zn+Fe+Na,Ba(90.0) Zn(3.33) Fe(3.33) Na(3.33),17.201,0.134,2.551,80,IN_SUPPORT
Ba,Mo+Li+Tb,Ba(90.0) Mo(3.33) Li(3.33) Tb(3.33),17.2,0.093,2.493,75,IN_SUPPORT
Ba,Cs+Zn+Eu,Ba(90.0) Cs(3.33) Zn(3.33) Eu(3.33),17.193,0.113,2.55,74,IN_SUPPORT
Ba,Zn+Fe+Mg,Ba(90.0) Zn(3.33) Fe(3.33) Mg(3.33),17.19,0.112,0.181,96,IN_SUPPORT
Ba,W+Eu,Ba(93.3) W(3.33) Eu(3.33),17.189,0.078,0.132,74,IN_SUPPORT
Ba,Mo+Nd+Na,Ba(90.0) Mo(3.33) Nd(3.33) Na(3.33),17.184,0.161,3.747,80,IN_SUPPORT
Ba,W+Fe+K,Ba(90.0) W(3.33) Fe(3.33) K(3.33),17.181,0.182,3.033,95,IN_SUPPORT
Ba,Mo+K+Ti,Ba(90.0) Mo(3.33) K(3.33) Ti(3.33),17.18,0.082,0.153,95,IN_SUPPORT
Ba,Mo+Na+Tb,Ba(90.0) Mo(3.33) Na(3.33) Tb(3.33),17.175,0.157,2.913,75,IN_SUPPORT
Ba,W+Nd+La,Ba(90.0) W(3.33) Nd(3.33) La(3.33),17.172,0.187,2.292,83,IN_SUPPORT
Ba,Fe+Y+Sr,Ba(90.0) Fe(3.33) Y(3.33) Sr(3.33),17.17,0.165,3.716,67,IN_SUPPORT
Ba,W+Li+La,Ba(90.0) W(3.33) Li(3.33) La(3.33),17.168,0.141,0.153,113,IN_SUPPORT
Ba,Zn+Nd+Eu,Ba(90.0) Zn(3.33) Nd(3.33) Eu(3.33),17.168,0.113,3.817,74,IN_SUPPORT
Ba,Zn+Tb+Eu,Ba(90.0) Zn(3.33) Tb(3.33) Eu(3.33),17.165,0.113,3.943,74,IN_SUPPORT
Ba,Fe+Eu+Ca,Ba(90.0) Fe(3.33) Eu(3.33) Ca(3.33),17.164,0.133,2.435,74,IN_SUPPORT
Ba,Zn+Nd+La,Ba(90.0) Zn(3.33) Nd(3.33) La(3.33),17.163,0.154,2.288,83,IN_SUPPORT
Ba,Li+La+Zr,Ba(90.0) Li(3.33) La(3.33) Zr(3.33),17.16,0.143,0.153,113,IN_SUPPORT
Ba,W+Cs+Na,Ba(90.0) W(3.33) Cs(3.33) Na(3.33),17.153,0.122,2.913,80,IN_SUPPORT
Ba,Mo+Na+Ti,Ba(90.0) Mo(3.33) Na(3.33) Ti(3.33),17.15,0.18,2.09,80,IN_SUPPORT
Ba,Li+Fe+La,Ba(90.0) Li(3.33) Fe(3.33) La(3.33),17.148,0.18,2.492,96,IN_SUPPORT
Ba,Mo+K+Mg,Ba(90.0) Mo(3.33) K(3.33) Mg(3.33),17.147,0.16,0.177,95,IN_SUPPORT
Ba,Nd+La+Zr,Ba(90.0) Nd(3.33) La(3.33) Zr(3.33),17.141,0.209,0.202,83,IN_SUPPORT
Ba,Mo+Fe+Ce,Ba(90.0) Mo(3.33) Fe(3.33) Ce(3.33),17.141,0.119,0.2,96,IN_SUPPORT
Ba,W+Mo+Mg,Ba(90.0) W(3.33) Mo(3.33) Mg(3.33),17.135,0.085,2.092,121,IN_SUPPORT
Ba,W+Cs+Sr,Ba(90.0) W(3.33) Cs(3.33) Sr(3.33),17.133,0.057,3.099,67,IN_SUPPORT
Ba,W+La+Sr,Ba(90.0) W(3.33) La(3.33) Sr(3.33),17.132,0.172,2.288,67,IN_SUPPORT
Ba,W+Zn+K,Ba(90.0) W(3.33) Zn(3.33) K(3.33),17.132,0.081,2.291,95,IN_SUPPORT
Ba,Fe+K+Eu,Ba(90.0) Fe(3.33) K(3.33) Eu(3.33),17.127,0.16,3.836,74,IN_SUPPORT
Ba,Mo+K+Tb,Ba(90.0) Mo(3.33) K(3.33) Tb(3.33),17.127,0.118,2.969,75,IN_SUPPORT
Ba,Mo+Na+Mg,Ba(90.0) Mo(3.33) Na(3.33) Mg(3.33),17.119,0.125,2.092,80,IN_SUPPORT
Ba,K+La+Eu,Ba(90.0) K(3.33) La(3.33) Eu(3.33),17.118,0.148,2.974,74,IN_SUPPORT
Ba,Nd+La+Sr,Ba(90.0) Nd(3.33) La(3.33) Sr(3.33),17.118,0.154,3.114,67,IN_SUPPORT
Ba,Mo+Nd+Tb,Ba(90.0) Mo(3.33) Nd(3.33) Tb(3.33),17.114,0.19,3.114,75,IN_SUPPORT
Ba,Fe+La+Ti,Ba(90.0) Fe(3.33) La(3.33) Ti(3.33),17.113,0.132,0.137,96,IN_SUPPORT
Ba,La+Tb+Eu,Ba(90.0) La(3.33) Tb(3.33) Eu(3.33),17.111,0.187,3.228,74,IN_SUPPORT
Ba,K+Y+La,Ba(90.0) K(3.33) Y(3.33) La(3.33),17.107,0.129,0.177,84,IN_SUPPORT
Ba,Li+Zn+Eu,Ba(90.0) Li(3.33) Zn(3.33) Eu(3.33),17.105,0.21,3.566,74,IN_SUPPORT
Ba,W+K+Y,Ba(90.0) W(3.33) K(3.33) Y(3.33),17.103,0.086,2.29,84,IN_SUPPORT
Ba,Eu+Sr,Ba(93.3) Eu(3.33) Sr(3.33),17.101,0.142,3.058,67,IN_SUPPORT
Ba,W+Na+Zr,Ba(90.0) W(3.33) Na(3.33) Zr(3.33),17.099,0.168,2.294,80,IN_SUPPORT
Ba,Nd+La+Eu,Ba(90.0) Nd(3.33) La(3.33) Eu(3.33),17.092,0.134,3.061,74,IN_SUPPORT
Ba,W+Fe,Ba(93.3) W(3.33) Fe(3.33),17.092,0.179,2.288,96,IN_SUPPORT
Ba,Li+Y+La,Ba(90.0) Li(3.33) Y(3.33) La(3.33),17.084,0.162,2.498,84,IN_SUPPORT
Ba,Y+Eu+Sr,Ba(90.0) Y(3.33) Eu(3.33) Sr(3.33),17.083,0.173,4.225,67,IN_SUPPORT
Ba,Cs+Eu+Ti,Ba(90.0) Cs(3.33) Eu(3.33) Ti(3.33),17.075,0.175,0.184,74,IN_SUPPORT
Ba,W+Sr+Zr,Ba(90.0) W(3.33) Sr(3.33) Zr(3.33),17.072,0.123,2.288,67,IN_SUPPORT
Ba,W+Li+Zr,Ba(90.0) W(3.33) Li(3.33) Zr(3.33),17.064,0.108,0.156,113,IN_SUPPORT
Ba,Fe+Sr+Zr,Ba(90.0) Fe(3.33) Sr(3.33) Zr(3.33),17.062,0.159,3.033,67,IN_SUPPORT
Ba,Na+Eu,Ba(93.3) Na(3.33) Eu(3.33),17.056,0.101,2.918,74,IN_SUPPORT
Ba,Cs+Zn+Ti,Ba(90.0) Cs(3.33) Zn(3.33) Ti(3.33),17.056,0.087,2.547,111,IN_SUPPORT
Ba,W+Li+Fe,Ba(90.0) W(3.33) Li(3.33) Fe(3.33),17.054,0.188,3.033,96,IN_SUPPORT
Ba,Zn+Mg+Eu,Ba(90.0) Zn(3.33) Mg(3.33) Eu(3.33),17.052,0.169,2.548,74,IN_SUPPORT
Ba,W+Mg+Zr,Ba(90.0) W(3.33) Mg(3.33) Zr(3.33),17.046,0.107,0.243,135,IN_SUPPORT
Ba,W+Zn+Sr,Ba(90.0) W(3.33) Zn(3.33) Sr(3.33),17.038,0.068,3.425,67,IN_SUPPORT
Ba,Li+Zn+La,Ba(90.0) Li(3.33) Zn(3.33) La(3.33),17.037,0.166,2.548,111,IN_SUPPORT
Ba,W+Eu+Ca,Ba(90.0) W(3.33) Eu(3.33) Ca(3.33),17.035,0.115,0.191,74,IN_SUPPORT
Ba,W+Cs+Li,Ba(90.0) W(3.33) Cs(3.33) Li(3.33),17.034,0.1,2.09,113,IN_SUPPORT
Ba,Cs+Fe+Zr,Ba(90.0) Cs(3.33) Fe(3.33) Zr(3.33),17.032,0.191,2.09,96,IN_SUPPORT
Ba,Cs+Sr+Ti,Ba(90.0) Cs(3.33) Sr(3.33) Ti(3.33),17.025,0.132,2.096,67,IN_SUPPORT
Ba,Tb+Eu+Sr,Ba(90.0) Tb(3.33) Eu(3.33) Sr(3.33),17.021,0.15,3.716,67,IN_SUPPORT
Ba,Zn+K+Eu,Ba(90.0) Zn(3.33) K(3.33) Eu(3.33),17.02,0.072,3.061,74,IN_SUPPORT
Ba,Zn+Eu+Zr,Ba(90.0) Zn(3.33) Eu(3.33) Zr(3.33),17.017,0.103,2.55,74,IN_SUPPORT
Ba,Na+Eu+Sr,Ba(90.0) Na(3.33) Eu(3.33) Sr(3.33),17.01,0.196,3.906,67,IN_SUPPORT
Ba,Mo+Hf+La,Ba(90.0) Mo(3.33) Hf(3.33) La(3.33),17.009,0.205,0.177,83,IN_SUPPORT
Ba,Mo+Nd+Zr,Ba(90.0) Mo(3.33) Nd(3.33) Zr(3.33),17.007,0.109,2.443,83,IN_SUPPORT
Ba,Zn+La+Tb,Ba(90.0) Zn(3.33) La(3.33) Tb(3.33),17.0,0.098,2.493,75,IN_SUPPORT
Ba,Na+La+Eu,Ba(90.0) Na(3.33) La(3.33) Eu(3.33),16.999,0.125,2.919,74,IN_SUPPORT
Ba,La+Tb+Sr,Ba(90.0) La(3.33) Tb(3.33) Sr(3.33),16.997,0.108,3.223,67,IN_SUPPORT
Ba,Li+La+Sr,Ba(90.0) Li(3.33) La(3.33) Sr(3.33),16.996,0.153,2.493,67,IN_SUPPORT
Ba,Mg+La+Zr,Ba(90.0) Mg(3.33) La(3.33) Zr(3.33),16.995,0.172,0.177,146,IN_SUPPORT
Ba,W+Nd+Zr,Ba(90.0) W(3.33) Nd(3.33) Zr(3.33),16.994,0.161,2.297,83,IN_SUPPORT
Ba,W+Cs+Nd,Ba(90.0) W(3.33) Cs(3.33) Nd(3.33),16.99,0.093,3.101,83,IN_SUPPORT
Ba,Zn+K+La,Ba(90.0) Zn(3.33) K(3.33) La(3.33),16.989,0.107,0.19,95,IN_SUPPORT
Ba,W+Cs+Tb,Ba(90.0) W(3.33) Cs(3.33) Tb(3.33),16.989,0.098,2.09,75,IN_SUPPORT
Ba,La+Eu,Ba(93.3) La(3.33) Eu(3.33),16.985,0.18,0.227,74,IN_SUPPORT
Ba,W+La+Tb,Ba(90.0) W(3.33) La(3.33) Tb(3.33),16.981,0.179,0.153,75,IN_SUPPORT
Ba,Zn+Eu+Ti,Ba(90.0) Zn(3.33) Eu(3.33) Ti(3.33),16.978,0.182,2.554,74,IN_SUPPORT
Ba,Mo+Zn+Ca,Ba(90.0) Mo(3.33) Zn(3.33) Ca(3.33),16.974,0.129,0.157,111,IN_SUPPORT
Ba,Nd+Eu+Sr,Ba(90.0) Nd(3.33) Eu(3.33) Sr(3.33),16.974,0.117,4.365,67,EXTRAPOLATIVE
Ba,W+Zn+Tb,Ba(90.0) W(3.33) Zn(3.33) Tb(3.33),16.969,0.102,2.548,75,IN_SUPPORT
Ba,Mo+Mg+Ti,Ba(90.0) Mo(3.33) Mg(3.33) Ti(3.33),16.969,0.098,0.297,121,IN_SUPPORT
Ba,Zn+Y+Sr,Ba(90.0) Zn(3.33) Y(3.33) Sr(3.33),16.968,0.108,4.2,67,IN_SUPPORT
Ba,Mo+Nd+Ti,Ba(90.0) Mo(3.33) Nd(3.33) Ti(3.33),16.965,0.119,2.442,83,IN_SUPPORT
Ba,Y+La+Tb,Ba(90.0) Y(3.33) La(3.33) Tb(3.33),16.964,0.135,3.227,75,IN_SUPPORT
Ba,Fe+K+La,Ba(90.0) Fe(3.33) K(3.33) La(3.33),16.957,0.146,2.493,95,IN_SUPPORT
Ba,Cs+Fe+Tb,Ba(90.0) Cs(3.33) Fe(3.33) Tb(3.33),16.953,0.128,3.838,75,IN_SUPPORT
Ba,Y+Eu,Ba(93.3) Y(3.33) Eu(3.33),16.947,0.124,2.492,74,IN_SUPPORT
Ba,Li+Eu+Sr,Ba(90.0) Li(3.33) Eu(3.33) Sr(3.33),16.943,0.228,3.946,67,IN_SUPPORT
Ba,W+Na+La,Ba(90.0) W(3.33) Na(3.33) La(3.33),16.943,0.159,2.294,80,IN_SUPPORT
Ba,Nd+Eu,Ba(93.3) Nd(3.33) Eu(3.33),16.942,0.112,3.062,74,IN_SUPPORT
Ba,Fe+Nd+Sr,Ba(90.0) Fe(3.33) Nd(3.33) Sr(3.33),16.942,0.122,3.414,67,IN_SUPPORT
Ba,Fe+Y+Zr,Ba(90.0) Fe(3.33) Y(3.33) Zr(3.33),16.941,0.141,3.034,84,IN_SUPPORT
Ba,Mo+Mg+Tb,Ba(90.0) Mo(3.33) Mg(3.33) Tb(3.33),16.939,0.142,0.177,75,IN_SUPPORT
Ba,W+Li+Zn,Ba(90.0) W(3.33) Li(3.33) Zn(3.33),16.938,0.065,2.548,111,IN_SUPPORT
Ba,La+Tb+Zr,Ba(90.0) La(3.33) Tb(3.33) Zr(3.33),16.933,0.138,2.294,75,IN_SUPPORT
Ba,Cs+Zn+Sr,Ba(90.0) Cs(3.33) Zn(3.33) Sr(3.33),16.932,0.122,3.296,67,IN_SUPPORT
Ba,W+Fe+Ca,Ba(90.0) W(3.33) Fe(3.33) Ca(3.33),16.921,0.194,2.293,96,IN_SUPPORT
Ba,Mo+Zn+Ce,Ba(90.0) Mo(3.33) Zn(3.33) Ce(3.33),16.92,0.155,0.199,111,IN_SUPPORT
Ba,Cs+Fe+La,Ba(90.0) Cs(3.33) Fe(3.33) La(3.33),16.919,0.203,2.089,96,IN_SUPPORT
Ba,Mg+Eu+Sr,Ba(90.0) Mg(3.33) Eu(3.33) Sr(3.33),16.917,0.199,3.059,67,IN_SUPPORT
Ba,Fe+Y,Ba(93.3) Fe(3.33) Y(3.33),16.911,0.111,3.037,84,IN_SUPPORT
Ba,Fe+Tb+Sr,Ba(90.0) Fe(3.33) Tb(3.33) Sr(3.33),16.909,0.172,4.426,67,EXTRAPOLATIVE
Ba,Mo+Zr+Ti,Ba(90.0) Mo(3.33) Zr(3.33) Ti(3.33),16.9,0.08,0.285,121,IN_SUPPORT
Ba,Cs+Fe+Nd,Ba(90.0) Cs(3.33) Fe(3.33) Nd(3.33),16.899,0.114,2.09,83,IN_SUPPORT
Ba,Fe+Eu+V,Ba(90.0) Fe(3.33) Eu(3.33) V(3.33),16.891,0.175,3.033,73,IN_SUPPORT
Ba,Mo+Tb+Zr,Ba(90.0) Mo(3.33) Tb(3.33) Zr(3.33),16.884,0.126,0.156,75,IN_SUPPORT
Ba,W+K+Zr,Ba(90.0) W(3.33) K(3.33) Zr(3.33),16.881,0.108,0.156,95,IN_SUPPORT
Ba,Cs+Na+Eu,Ba(90.0) Cs(3.33) Na(3.33) Eu(3.33),16.88,0.156,2.915,74,IN_SUPPORT
Ba,Mo+Ce+Ti,Ba(90.0) Mo(3.33) Ce(3.33) Ti(3.33),16.87,0.063,0.311,121,IN_SUPPORT
Ba,Eu+Sr+Zr,Ba(90.0) Eu(3.33) Sr(3.33) Zr(3.33),16.868,0.15,3.059,67,IN_SUPPORT
Ba,W+Mg+Eu,Ba(90.0) W(3.33) Mg(3.33) Eu(3.33),16.866,0.133,0.208,74,IN_SUPPORT
Ba,Fe+Sr+Ti,Ba(90.0) Fe(3.33) Sr(3.33) Ti(3.33),16.862,0.179,3.037,67,IN_SUPPORT
Ba,W+Tb+Zr,Ba(90.0) W(3.33) Tb(3.33) Zr(3.33),16.861,0.151,0.156,75,IN_SUPPORT
Ba,W+K+Na,Ba(90.0) W(3.33) K(3.33) Na(3.33),16.859,0.12,2.292,80,IN_SUPPORT
Ba,W+Y+Sr,Ba(90.0) W(3.33) Y(3.33) Sr(3.33),16.855,0.117,4.047,67,IN_SUPPORT
Ba,Cs+Eu,Ba(93.3) Cs(3.33) Eu(3.33),16.853,0.117,0.128,74,IN_SUPPORT
Ba,La+Zr+Ti,Ba(90.0) La(3.33) Zr(3.33) Ti(3.33),16.85,0.222,0.153,165,IN_SUPPORT
Ba,Zn+La+Ti,Ba(90.0) Zn(3.33) La(3.33) Ti(3.33),16.85,0.129,2.435,111,IN_SUPPORT
Ba,Fe+Mg+La,Ba(90.0) Fe(3.33) Mg(3.33) La(3.33),16.85,0.224,0.164,96,IN_SUPPORT
Ba,Mo+Zn+V,Ba(90.0) Mo(3.33) Zn(3.33) V(3.33),16.849,0.149,2.551,73,IN_SUPPORT
Ba,Cs+Y+Eu,Ba(90.0) Cs(3.33) Y(3.33) Eu(3.33),16.844,0.133,3.058,74,IN_SUPPORT
Ba,Y+La,Ba(93.3) Y(3.33) La(3.33),16.843,0.159,0.212,84,IN_SUPPORT
Ba,Y+Na+Eu,Ba(90.0) Y(3.33) Na(3.33) Eu(3.33),16.838,0.158,3.817,74,IN_SUPPORT
Ba,Y+Nd+La,Ba(90.0) Y(3.33) Nd(3.33) La(3.33),16.836,0.113,0.207,83,IN_SUPPORT
Ba,Cs+Fe,Ba(93.3) Cs(3.33) Fe(3.33),16.832,0.122,2.089,96,IN_SUPPORT
Ba,Fe+Y+Tb,Ba(90.0) Fe(3.33) Y(3.33) Tb(3.33),16.828,0.159,3.842,75,IN_SUPPORT
Ba,Eu+Ti,Ba(93.3) Eu(3.33) Ti(3.33),16.827,0.142,0.226,74,IN_SUPPORT
Ba,Cs+Li+Eu,Ba(90.0) Cs(3.33) Li(3.33) Eu(3.33),16.82,0.162,2.495,74,IN_SUPPORT
Ba,Mo+Sr+Ca,Ba(90.0) Mo(3.33) Sr(3.33) Ca(3.33),16.816,0.102,0.142,67,IN_SUPPORT
Ba,Cs+Mo+Ca,Ba(90.0) Cs(3.33) Mo(3.33) Ca(3.33),16.815,0.082,0.157,121,IN_SUPPORT
Ba,Cs+K+Eu,Ba(90.0) Cs(3.33) K(3.33) Eu(3.33),16.814,0.096,2.971,74,IN_SUPPORT
Ba,Zn+Y,Ba(93.3) Zn(3.33) Y(3.33),16.811,0.096,2.552,84,IN_SUPPORT
Ba,Li+La,Ba(93.3) Li(3.33) La(3.33),16.802,0.101,0.208,113,IN_SUPPORT
Ba,Fe+Ti,Ba(93.3) Fe(3.33) Ti(3.33),16.8,0.09,0.153,96,IN_SUPPORT
Ba,La+Sr+Ti,Ba(90.0) La(3.33) Sr(3.33) Ti(3.33),16.8,0.158,0.156,67,IN_SUPPORT
Ba,Fe+Ce+La,Ba(90.0) Fe(3.33) Ce(3.33) La(3.33),16.799,0.24,0.17,96,IN_SUPPORT
Ba,W+Fe+Mg,Ba(90.0) W(3.33) Fe(3.33) Mg(3.33),16.798,0.178,2.294,96,IN_SUPPORT
Ba,W+Zn,Ba(93.3) W(3.33) Zn(3.33),16.798,0.095,2.55,111,IN_SUPPORT
Ba,W+K+Nd,Ba(90.0) W(3.33) K(3.33) Nd(3.33),16.797,0.101,3.114,83,IN_SUPPORT
Ba,Zn+Sr+Zr,Ba(90.0) Zn(3.33) Sr(3.33) Zr(3.33),16.796,0.093,2.548,67,IN_SUPPORT
Ba,W+Li+Y,Ba(90.0) W(3.33) Li(3.33) Y(3.33),16.796,0.115,3.338,84,IN_SUPPORT
Ba,Fe+Mg+Sr,Ba(90.0) Fe(3.33) Mg(3.33) Sr(3.33),16.796,0.233,3.034,67,IN_SUPPORT
Ba,Fe+La+Ca,Ba(90.0) Fe(3.33) La(3.33) Ca(3.33),16.792,0.191,0.142,96,IN_SUPPORT
Ba,W+Mo+Ca,Ba(90.0) W(3.33) Mo(3.33) Ca(3.33),16.792,0.141,2.09,121,IN_SUPPORT
Ba,Cs+Zn+Y,Ba(90.0) Cs(3.33) Zn(3.33) Y(3.33),16.791,0.077,2.547,84,IN_SUPPORT
Ba,Zn+Nd+Sr,Ba(90.0) Zn(3.33) Nd(3.33) Sr(3.33),16.789,0.102,4.024,67,IN_SUPPORT
Ba,Zn+Na+La,Ba(90.0) Zn(3.33) Na(3.33) La(3.33),16.788,0.158,0.177,80,IN_SUPPORT
Ba,Fe+Nd,Ba(93.3) Fe(3.33) Nd(3.33),16.788,0.162,0.138,83,IN_SUPPORT
Ba,Tb+Eu,Ba(93.3) Tb(3.33) Eu(3.33),16.788,0.16,3.228,74,IN_SUPPORT
Ba,Na+La+Zr,Ba(90.0) Na(3.33) La(3.33) Zr(3.33),16.787,0.218,0.222,80,IN_SUPPORT
Ba,Mo+Ce+Sr,Ba(90.0) Mo(3.33) Ce(3.33) Sr(3.33),16.786,0.094,0.188,67,IN_SUPPORT
Ba,Zn+La,Ba(93.3) Zn(3.33) La(3.33),16.784,0.112,2.438,111,IN_SUPPORT
Ba,Eu+Sr+Ti,Ba(90.0) Eu(3.33) Sr(3.33) Ti(3.33),16.783,0.191,3.063,67,IN_SUPPORT
Ba,Cs+Fe+Na,Ba(90.0) Cs(3.33) Fe(3.33) Na(3.33),16.78,0.129,2.094,80,IN_SUPPORT
Ba,Cs+Y+Sr,Ba(90.0) Cs(3.33) Y(3.33) Sr(3.33),16.776,0.088,3.414,67,IN_SUPPORT
Ba,Cs+Y+Ti,Ba(90.0) Cs(3.33) Y(3.33) Ti(3.33),16.774,0.135,0.137,84,IN_SUPPORT
Ba,W+Cs+La,Ba(90.0) W(3.33) Cs(3.33) La(3.33),16.77,0.27,0.153,130,IN_SUPPORT
Ba,W+Y+Tb,Ba(90.0) W(3.33) Y(3.33) Tb(3.33),16.769,0.119,3.338,75,IN_SUPPORT
Ba,Mg+La+Eu,Ba(90.0) Mg(3.33) La(3.33) Eu(3.33),16.769,0.229,0.157,74,IN_SUPPORT
Ba,Fe+Hf+Eu,Ba(90.0) Fe(3.33) Hf(3.33) Eu(3.33),16.763,0.09,3.701,74,IN_SUPPORT
Ba,Fe+Mg+Zr,Ba(90.0) Fe(3.33) Mg(3.33) Zr(3.33),16.763,0.134,0.227,96,IN_SUPPORT
Ba,Fe+Zr+Ti,Ba(90.0) Fe(3.33) Zr(3.33) Ti(3.33),16.759,0.126,0.208,96,IN_SUPPORT
Ba,Cs+Tb+Eu,Ba(90.0) Cs(3.33) Tb(3.33) Eu(3.33),16.755,0.118,3.225,74,IN_SUPPORT
Ba,Mg+La+Sr,Ba(90.0) Mg(3.33) La(3.33) Sr(3.33),16.753,0.133,0.158,67,IN_SUPPORT
Ba,Fe+Na+La,Ba(90.0) Fe(3.33) Na(3.33) La(3.33),16.752,0.127,0.2,80,IN_SUPPORT
Ba,Mo+Y+V,Ba(90.0) Mo(3.33) Y(3.33) V(3.33),16.748,0.159,3.34,73,IN_SUPPORT
Ba,Mo+Zn+Hf,Ba(90.0) Mo(3.33) Zn(3.33) Hf(3.33),16.745,0.098,2.437,83,IN_SUPPORT
Ba,W+Ce+La,Ba(90.0) W(3.33) Ce(3.33) La(3.33),16.745,0.255,0.258,135,IN_SUPPORT
Ba,Zn+Eu+Ca,Ba(90.0) Zn(3.33) Eu(3.33) Ca(3.33),16.744,0.11,2.555,74,IN_SUPPORT
Ba,Zn+Mg+Sr,Ba(90.0) Zn(3.33) Mg(3.33) Sr(3.33),16.744,0.121,2.548,67,IN_SUPPORT
Ba,W+Hf+Ti,Ba(90.0) W(3.33) Hf(3.33) Ti(3.33),16.744,0.14,0.199,83,IN_SUPPORT
Ba,Cs+Li+Fe,Ba(90.0) Cs(3.33) Li(3.33) Fe(3.33),16.741,0.175,3.033,96,IN_SUPPORT
Ba,Mo+K+Ce,Ba(90.0) Mo(3.33) K(3.33) Ce(3.33),16.735,0.074,0.2,95,IN_SUPPORT
Ba,K+Na+Eu,Ba(90.0) K(3.33) Na(3.33) Eu(3.33),16.734,0.138,3.061,74,IN_SUPPORT
Ba,K+Nd+La,Ba(90.0) K(3.33) Nd(3.33) La(3.33),16.734,0.142,2.972,83,IN_SUPPORT
Ba,Zn+Mg+La,Ba(90.0) Zn(3.33) Mg(3.33) La(3.33),16.732,0.12,2.441,111,IN_SUPPORT
Ba,Fe+Y+Ti,Ba(90.0) Fe(3.33) Y(3.33) Ti(3.33),16.731,0.17,3.038,84,IN_SUPPORT
Ba,Cs+Fe+K,Ba(90.0) Cs(3.33) Fe(3.33) K(3.33),16.728,0.131,3.25,95,IN_SUPPORT
Ba,La+Eu+Ca,Ba(90.0) La(3.33) Eu(3.33) Ca(3.33),16.727,0.217,0.239,74,IN_SUPPORT
Ba,Zn+Mg+Zr,Ba(90.0) Zn(3.33) Mg(3.33) Zr(3.33),16.724,0.148,2.441,111,IN_SUPPORT
Ba,Mo+Ce,Ba(93.3) Mo(3.33) Ce(3.33),16.723,0.192,0.254,121,IN_SUPPORT
Ba,W+Nd+Sr,Ba(90.0) W(3.33) Nd(3.33) Sr(3.33),16.722,0.089,3.864,67,IN_SUPPORT
Ba,Zn+Y+Zr,Ba(90.0) Zn(3.33) Y(3.33) Zr(3.33),16.72,0.14,2.548,84,IN_SUPPORT
Ba,Cs+Li+Ti,Ba(90.0) Cs(3.33) Li(3.33) Ti(3.33),16.716,0.143,0.156,113,IN_SUPPORT
Ba,W+Zn+Mg,Ba(90.0) W(3.33) Zn(3.33) Mg(3.33),16.711,0.098,2.555,111,IN_SUPPORT
Ba,La+Eu+Ti,Ba(90.0) La(3.33) Eu(3.33) Ti(3.33),16.71,0.139,0.236,74,IN_SUPPORT
Ba,Zn+Nd,Ba(93.3) Zn(3.33) Nd(3.33),16.698,0.11,2.287,83,IN_SUPPORT
Ba,Nd+La+Tb,Ba(90.0) Nd(3.33) La(3.33) Tb(3.33),16.697,0.193,2.493,75,IN_SUPPORT
Ba,Fe+Sr,Ba(93.3) Fe(3.33) Sr(3.33),16.696,0.171,3.033,67,IN_SUPPORT
Ba,Y+Na+La,Ba(90.0) Y(3.33) Na(3.33) La(3.33),16.695,0.092,2.288,80,IN_SUPPORT
Ba,Fe+Nd+Zr,Ba(90.0) Fe(3.33) Nd(3.33) Zr(3.33),16.695,0.19,0.157,83,IN_SUPPORT
Ba,K+Y+Eu,Ba(90.0) K(3.33) Y(3.33) Eu(3.33),16.694,0.12,3.06,74,IN_SUPPORT
Ba,Cs+Zr+Ti,Ba(90.0) Cs(3.33) Zr(3.33) Ti(3.33),16.69,0.136,0.141,130,IN_SUPPORT
Ba,Li+La+Ti,Ba(90.0) Li(3.33) La(3.33) Ti(3.33),16.684,0.186,0.157,113,IN_SUPPORT
Ba,Cs+K+Ti,Ba(90.0) Cs(3.33) K(3.33) Ti(3.33),16.682,0.136,2.09,95,IN_SUPPORT
Ba,Zn+Y+Na,Ba(90.0) Zn(3.33) Y(3.33) Na(3.33),16.68,0.177,3.339,80,IN_SUPPORT
Ba,Na+La+Sr,Ba(90.0) Na(3.33) La(3.33) Sr(3.33),16.678,0.141,2.435,67,IN_SUPPORT
Ba,Ce+La+Sr,Ba(90.0) Ce(3.33) La(3.33) Sr(3.33),16.678,0.207,0.202,67,IN_SUPPORT
Ba,W+Na+Sr,Ba(90.0) W(3.33) Na(3.33) Sr(3.33),16.676,0.171,3.338,67,IN_SUPPORT
Ba,Fe+K+Y,Ba(90.0) Fe(3.33) K(3.33) Y(3.33),16.674,0.157,3.035,84,IN_SUPPORT
Ba,Y+La+Ti,Ba(90.0) Y(3.33) La(3.33) Ti(3.33),16.672,0.114,0.222,84,IN_SUPPORT
Ba,W+La+Ca,Ba(90.0) W(3.33) La(3.33) Ca(3.33),16.672,0.247,0.156,135,IN_SUPPORT
Ba,W+Li,Ba(93.3) W(3.33) Li(3.33),16.667,0.113,0.137,113,IN_SUPPORT
Ba,Cs+Mo+Ce,Ba(90.0) Cs(3.33) Mo(3.33) Ce(3.33),16.665,0.124,0.199,121,IN_SUPPORT
Ba,Fe+Y+Na,Ba(90.0) Fe(3.33) Y(3.33) Na(3.33),16.662,0.171,3.34,80,IN_SUPPORT
Ba,Zn+Sr+Ti,Ba(90.0) Zn(3.33) Sr(3.33) Ti(3.33),16.662,0.133,2.553,67,IN_SUPPORT
Ba,Fe+Y+Nd,Ba(90.0) Fe(3.33) Y(3.33) Nd(3.33),16.661,0.129,3.036,83,IN_SUPPORT
Ba,W+Mo+Ce,Ba(90.0) W(3.33) Mo(3.33) Ce(3.33),16.659,0.144,2.094,121,IN_SUPPORT
Ba,Zn+K+Y,Ba(90.0) Zn(3.33) K(3.33) Y(3.33),16.658,0.091,2.55,84,IN_SUPPORT
Ba,Mo+Y+Ca,Ba(90.0) Mo(3.33) Y(3.33) Ca(3.33),16.656,0.153,2.435,84,IN_SUPPORT
Ba,W+Y+Nd,Ba(90.0) W(3.33) Y(3.33) Nd(3.33),16.655,0.096,2.292,83,IN_SUPPORT
Ba,Li+La+Tb,Ba(90.0) Li(3.33) La(3.33) Tb(3.33),16.653,0.194,2.548,75,IN_SUPPORT
Ba,Cs+La+Eu,Ba(90.0) Cs(3.33) La(3.33) Eu(3.33),16.648,0.222,0.185,74,IN_SUPPORT
Ba,Zn+Ti,Ba(93.3) Zn(3.33) Ti(3.33),16.648,0.082,2.434,111,IN_SUPPORT
Ba,Eu+Sr+Ca,Ba(90.0) Eu(3.33) Sr(3.33) Ca(3.33),16.646,0.128,3.06,67,IN_SUPPORT
Ba,Cs+Mo+V,Ba(90.0) Cs(3.33) Mo(3.33) V(3.33),16.645,0.13,2.094,73,IN_SUPPORT
Ba,Y+Tb+Eu,Ba(90.0) Y(3.33) Tb(3.33) Eu(3.33),16.643,0.148,4.072,74,IN_SUPPORT
Ba,Mo+Ca,Ba(93.3) Mo(3.33) Ca(3.33),16.642,0.16,0.222,121,IN_SUPPORT
Ba,Li+Zn,Ba(93.3) Li(3.33) Zn(3.33),16.641,0.104,2.547,111,IN_SUPPORT
Ba,Na+Eu+Zr,Ba(90.0) Na(3.33) Eu(3.33) Zr(3.33),16.64,0.149,2.914,74,IN_SUPPORT
Ba,Li+Fe,Ba(93.3) Li(3.33) Fe(3.33),16.637,0.165,2.493,96,IN_SUPPORT
Ba,Cs+Y+La,Ba(90.0) Cs(3.33) Y(3.33) La(3.33),16.635,0.17,0.138,84,IN_SUPPORT
Ba,Zn+Tb+Sr,Ba(90.0) Zn(3.33) Tb(3.33) Sr(3.33),16.634,0.108,4.109,67,IN_SUPPORT
Ba,Li+Na+Eu,Ba(90.0) Li(3.33) Na(3.33) Eu(3.33),16.634,0.207,3.836,74,IN_SUPPORT
Ba,Na+Tb+Eu,Ba(90.0) Na(3.33) Tb(3.33) Eu(3.33),16.628,0.154,4.346,74,EXTRAPOLATIVE
Ba,K+Eu,Ba(93.3) K(3.33) Eu(3.33),16.628,0.11,2.973,74,IN_SUPPORT
Ba,W+Ce+Eu,Ba(90.0) W(3.33) Ce(3.33) Eu(3.33),16.628,0.154,0.227,74,IN_SUPPORT
Ba,Nd+Mg+Eu,Ba(90.0) Nd(3.33) Mg(3.33) Eu(3.33),16.627,0.13,3.06,74,IN_SUPPORT
Ba,K+La+Sr,Ba(90.0) K(3.33) La(3.33) Sr(3.33),16.627,0.112,2.969,67,IN_SUPPORT
Ba,Ce+La+Eu,Ba(90.0) Ce(3.33) La(3.33) Eu(3.33),16.627,0.181,0.269,74,IN_SUPPORT
Ba,W+K+Sr,Ba(90.0) W(3.33) K(3.33) Sr(3.33),16.624,0.108,3.414,67,IN_SUPPORT
Ba,Fe+Na+Sr,Ba(90.0) Fe(3.33) Na(3.33) Sr(3.33),16.62,0.148,3.417,67,IN_SUPPORT
Ba,Fe+Nd+Ti,Ba(90.0) Fe(3.33) Nd(3.33) Ti(3.33),16.616,0.162,0.153,83,IN_SUPPORT
Ba,W+Y,Ba(93.3) W(3.33) Y(3.33),16.615,0.119,2.293,84,IN_SUPPORT
Ba,W+Cs,Ba(93.3) W(3.33) Cs(3.33),16.615,0.106,0.137,130,IN_SUPPORT
Ba,Zn+Na+Sr,Ba(90.0) Zn(3.33) Na(3.33) Sr(3.33),16.61,0.182,3.416,67,IN_SUPPORT
Ba,Nd+La,Ba(93.3) Nd(3.33) La(3.33),16.61,0.137,0.188,83,IN_SUPPORT
Ba,Y+Mg+La,Ba(90.0) Y(3.33) Mg(3.33) La(3.33),16.609,0.161,0.157,84,IN_SUPPORT
Ba,W+Li+K,Ba(90.0) W(3.33) Li(3.33) K(3.33),16.609,0.069,2.493,95,IN_SUPPORT
Ba,Mo+Li+Ce,Ba(90.0) Mo(3.33) Li(3.33) Ce(3.33),16.607,0.112,0.188,113,IN_SUPPORT
Ba,Fe+Y+Mg,Ba(90.0) Fe(3.33) Y(3.33) Mg(3.33),16.607,0.176,3.033,84,IN_SUPPORT
Ba,Fe+Ce+Eu,Ba(90.0) Fe(3.33) Ce(3.33) Eu(3.33),16.606,0.127,2.438,74,IN_SUPPORT
Ba,Zn+Sr,Ba(93.3) Zn(3.33) Sr(3.33),16.606,0.108,2.547,67,IN_SUPPORT
Ba,Mo+Ce+Y,Ba(90.0) Mo(3.33) Ce(3.33) Y(3.33),16.605,0.13,2.443,84,IN_SUPPORT
Ba,Mo+Mg+Ca,Ba(90.0) Mo(3.33) Mg(3.33) Ca(3.33),16.604,0.16,0.299,121,IN_SUPPORT
Ba,Cs+Na+Ti,Ba(90.0) Cs(3.33) Na(3.33) Ti(3.33),16.604,0.135,2.09,80,IN_SUPPORT
Ba,Ce+La+Zr,Ba(90.0) Ce(3.33) La(3.33) Zr(3.33),16.603,0.173,0.2,136,IN_SUPPORT
Ba,Cs+La+Sr,Ba(90.0) Cs(3.33) La(3.33) Sr(3.33),16.602,0.231,2.09,67,IN_SUPPORT
Ba,K+Na+La,Ba(90.0) K(3.33) Na(3.33) La(3.33),16.6,0.126,0.196,80,IN_SUPPORT
Ba,Li+Tb+Eu,Ba(90.0) Li(3.33) Tb(3.33) Eu(3.33),16.6,0.162,3.978,74,IN_SUPPORT
Ba,W+Cs+Ca,Ba(90.0) W(3.33) Cs(3.33) Ca(3.33),16.598,0.153,0.157,130,IN_SUPPORT
Ba,Cs+Sr+Zr,Ba(90.0) Cs(3.33) Sr(3.33) Zr(3.33),16.598,0.138,2.09,67,IN_SUPPORT
Ba,Cs+Fe+Mg,Ba(90.0) Cs(3.33) Fe(3.33) Mg(3.33),16.597,0.134,2.092,96,IN_SUPPORT
Ba,W+Nd+Na,Ba(90.0) W(3.33) Nd(3.33) Na(3.33),16.596,0.102,3.706,80,IN_SUPPORT
Ba,Cs+Nd+Eu,Ba(90.0) Cs(3.33) Nd(3.33) Eu(3.33),16.595,0.106,3.116,74,IN_SUPPORT
Ba,Mo+Li+Ca,Ba(90.0) Mo(3.33) Li(3.33) Ca(3.33),16.595,0.112,0.142,113,IN_SUPPORT
Ba,Li+Fe+Sr,Ba(90.0) Li(3.33) Fe(3.33) Sr(3.33),16.591,0.217,3.927,67,IN_SUPPORT
Ba,Fe+Tb+Zr,Ba(90.0) Fe(3.33) Tb(3.33) Zr(3.33),16.589,0.16,3.226,75,IN_SUPPORT
Ba,Fe+Tb+Ti,Ba(90.0) Fe(3.33) Tb(3.33) Ti(3.33),16.589,0.188,3.226,75,IN_SUPPORT
Ba,Fe+Nd+Tb,Ba(90.0) Fe(3.33) Nd(3.33) Tb(3.33),16.588,0.176,3.223,75,IN_SUPPORT
Ba,W+Zr,Ba(93.3) W(3.33) Zr(3.33),16.585,0.125,0.182,135,IN_SUPPORT
Ba,Cs+La+Zr,Ba(90.0) Cs(3.33) La(3.33) Zr(3.33),16.585,0.256,0.177,130,IN_SUPPORT
Ba,Li+Nd+La,Ba(90.0) Li(3.33) Nd(3.33) La(3.33),16.582,0.136,0.138,83,IN_SUPPORT
Ba,Li+Fe+Y,Ba(90.0) Li(3.33) Fe(3.33) Y(3.33),16.582,0.165,3.927,84,IN_SUPPORT
Ba,W+Nd+Tb,Ba(90.0) W(3.33) Nd(3.33) Tb(3.33),16.582,0.1,3.114,75,IN_SUPPORT
Ba,Nd+Mg+La,Ba(90.0) Nd(3.33) Mg(3.33) La(3.33),16.581,0.186,0.172,83,IN_SUPPORT
Ba,Nd+Na+Eu,Ba(90.0) Nd(3.33) Na(3.33) Eu(3.33),16.58,0.136,4.226,74,IN_SUPPORT
Ba,W+Zn+Ca,Ba(90.0) W(3.33) Zn(3.33) Ca(3.33),16.573,0.108,2.548,111,IN_SUPPORT
Ba,K+Eu+Sr,Ba(90.0) K(3.33) Eu(3.33) Sr(3.33),16.571,0.12,4.263,67,IN_SUPPORT
Ba,Mo+Na+Ca,Ba(90.0) Mo(3.33) Na(3.33) Ca(3.33),16.571,0.169,2.09,80,IN_SUPPORT
Ba,Mo+Li+V,Ba(90.0) Mo(3.33) Li(3.33) V(3.33),16.569,0.057,2.497,73,IN_SUPPORT
Ba,Cs+Zn+Na,Ba(90.0) Cs(3.33) Zn(3.33) Na(3.33),16.567,0.148,2.092,80,IN_SUPPORT
Ba,W+K+Tb,Ba(90.0) W(3.33) K(3.33) Tb(3.33),16.567,0.139,2.969,75,IN_SUPPORT
Ba,Zn+Nd+Mg,Ba(90.0) Zn(3.33) Nd(3.33) Mg(3.33),16.567,0.096,2.29,83,IN_SUPPORT
Ba,Fe+Nd+Mg,Ba(90.0) Fe(3.33) Nd(3.33) Mg(3.33),16.565,0.141,0.177,83,IN_SUPPORT
Ba,W+Li+Sr,Ba(90.0) W(3.33) Li(3.33) Sr(3.33),16.565,0.146,3.384,67,IN_SUPPORT
Ba,La+Eu+V,Ba(90.0) La(3.33) Eu(3.33) V(3.33),16.563,0.158,0.157,73,IN_SUPPORT
Ba,Li+Mg+Eu,Ba(90.0) Li(3.33) Mg(3.33) Eu(3.33),16.563,0.155,2.493,74,IN_SUPPORT
Ba,Li+Eu+Ti,Ba(90.0) Li(3.33) Eu(3.33) Ti(3.33),16.563,0.225,2.5,74,IN_SUPPORT
Ba,W+Fe+Ce,Ba(90.0) W(3.33) Fe(3.33) Ce(3.33),16.562,0.112,2.289,96,IN_SUPPORT
Ba,Zn+Y+Tb,Ba(90.0) Zn(3.33) Y(3.33) Tb(3.33),16.556,0.085,4.109,75,IN_SUPPORT
Ba,W+Li+Na,Ba(90.0) W(3.33) Li(3.33) Na(3.33),16.554,0.122,2.913,80,IN_SUPPORT
Ba,La+Zr,Ba(93.3) La(3.33) Zr(3.33),16.553,0.134,0.138,165,IN_SUPPORT
Ba,Mg+Sr+Zr,Ba(90.0) Mg(3.33) Sr(3.33) Zr(3.33),16.552,0.157,0.161,67,IN_SUPPORT
Ba,Ce+La+Ti,Ba(90.0) Ce(3.33) La(3.33) Ti(3.33),16.549,0.142,0.2,136,IN_SUPPORT
Ba,W+Cs+Mg,Ba(90.0) W(3.33) Cs(3.33) Mg(3.33),16.547,0.087,0.177,130,IN_SUPPORT
Ba,Zn+Y+Mg,Ba(90.0) Zn(3.33) Y(3.33) Mg(3.33),16.546,0.126,2.548,84,IN_SUPPORT
Ba,W+Eu+V,Ba(90.0) W(3.33) Eu(3.33) V(3.33),16.54,0.102,2.288,73,IN_SUPPORT
Ba,W+Tb+Sr,Ba(90.0) W(3.33) Tb(3.33) Sr(3.33),16.54,0.142,3.414,67,IN_SUPPORT
Ba,Y+Mg+Eu,Ba(90.0) Y(3.33) Mg(3.33) Eu(3.33),16.536,0.186,2.495,74,IN_SUPPORT
Ba,La+Sr+Ca,Ba(90.0) La(3.33) Sr(3.33) Ca(3.33),16.536,0.199,0.161,67,IN_SUPPORT
Ba,Cs+Tb+Ti,Ba(90.0) Cs(3.33) Tb(3.33) Ti(3.33),16.535,0.11,3.095,75,IN_SUPPORT
Ba,Mo+Nd+Ca,Ba(90.0) Mo(3.33) Nd(3.33) Ca(3.33),16.535,0.171,2.443,83,IN_SUPPORT
Ba,Zn+Ce+La,Ba(90.0) Zn(3.33) Ce(3.33) La(3.33),16.533,0.214,2.443,111,IN_SUPPORT
Ba,Y+Eu+Zr,Ba(90.0) Y(3.33) Eu(3.33) Zr(3.33),16.527,0.128,2.494,74,IN_SUPPORT
Ba,Eu+Zr,Ba(93.3) Eu(3.33) Zr(3.33),16.527,0.094,0.164,74,IN_SUPPORT
Ba,Cs+Zn+La,Ba(90.0) Cs(3.33) Zn(3.33) La(3.33),16.524,0.211,2.552,111,IN_SUPPORT
Ba,Y+Sr+Zr,Ba(90.0) Y(3.33) Sr(3.33) Zr(3.33),16.524,0.126,3.338,67,IN_SUPPORT
Ba,Mo+V,Ba(93.3) Mo(3.33) V(3.33),16.523,0.151,0.188,73,IN_SUPPORT
Ba,Cs+Eu+Zr,Ba(90.0) Cs(3.33) Eu(3.33) Zr(3.33),16.522,0.108,0.188,74,IN_SUPPORT
Ba,Cs+Zn+Zr,Ba(90.0) Cs(3.33) Zn(3.33) Zr(3.33),16.52,0.157,2.55,111,IN_SUPPORT
Ba,Ce+Y+La,Ba(90.0) Ce(3.33) Y(3.33) La(3.33),16.519,0.115,0.257,84,IN_SUPPORT
Ba,Nd+Tb+Eu,Ba(90.0) Nd(3.33) Tb(3.33) Eu(3.33),16.518,0.105,3.943,74,IN_SUPPORT
Ba,W+Nd,Ba(93.3) W(3.33) Nd(3.33),16.517,0.124,2.293,83,IN_SUPPORT
Ba,Mg+Eu,Ba(93.3) Mg(3.33) Eu(3.33),16.517,0.134,0.141,74,IN_SUPPORT
Ba,Zn+Na,Ba(93.3) Zn(3.33) Na(3.33),16.516,0.147,0.164,80,IN_SUPPORT
